{
  "name": "angular-aria",
  "version": "1.6.3",
  "license": "MIT",
  "main": "./angular-aria.js",
  "ignore": [],
  "dependencies": {
    "angular": "1.6.3"
  },
  "homepage": "https://github.com/angular/bower-angular-aria",
  "_release": "1.6.3",
  "_resolution": {
    "type": "version",
    "tag": "v1.6.3",
    "commit": "d90814bd90075c76d1307d2ae0711b7396e941b6"
  },
  "_source": "https://github.com/angular/bower-angular-aria.git",
  "_target": "1.6.3",
  "_originalSource": "angular-aria"
}