{
  "name": "ui-select",
  "version": "0.14.9",
  "homepage": "https://github.com/angular-ui/ui-select",
  "authors": [
    "AngularUI"
  ],
  "description": "AngularJS ui-select",
  "main": [
    "dist/select.js",
    "dist/select.css"
  ],
  "license": "MIT",
  "ignore": [
    "**/.*",
    "node_modules",
    "bower_components",
    "src",
    "test",
    "gulpfile.js",
    "karma.conf.js",
    "examples"
  ],
  "dependencies": {
    "angular": ">=1.2.18"
  },
  "devDependencies": {
    "jquery": "~1.11",
    "angular-sanitize": ">=1.2.18",
    "angular-mocks": ">=1.2.18"
  },
  "_release": "0.14.9",
  "_resolution": {
    "type": "version",
    "tag": "v0.14.9",
    "commit": "30992780d13b29b77fefa459839467cafa617fda"
  },
  "_source": "https://github.com/angular-ui/ui-select.git",
  "_target": "~0.14.0",
  "_originalSource": "angular-ui-select"
}