{
  "name": "pusher-websocket-iso",
  "location": "git://github.com/pusher-community/pusher-websocket-js-iso.git",
  "description": "EXPERIMENTAL isomorphic Pusher WebSocket client",
  "keywords": [
    "pusher",
    "client",
    "websocket",
    "http",
    "fallback",
    "isomorphic",
    "events",
    "pubsub"
  ],
  "licence": "MIT",
  "authors": [
    "Pusher <support@pusher.com>"
  ],
  "main": "./dist/web/pusher.js",
  "ignore": [
    "**/*",
    "!/dist/*",
    "!LICENCE",
    "!README.markdown",
    "!bower.json",
    "!CHANGELOG.markdown"
  ],
  "homepage": "https://github.com/pusher/pusher-js",
  "version": "3.2.4",
  "_release": "3.2.4",
  "_resolution": {
    "type": "version",
    "tag": "v3.2.4",
    "commit": "1e0fa96222465b7689df6474d493b629d67fdd0d"
  },
  "_source": "https://github.com/pusher/pusher-js.git",
  "_target": "^3.0.0",
  "_originalSource": "pusher"
}