{
  "name": "angucomplete-alt",
  "version": "3.0.0",
  "homepage": "http://ghiden.github.io/angucomplete-alt/",
  "authors": [
    "Hidenari Nozaki <hidenari@gmail.com>"
  ],
  "description": "Autocomplete directive for AngularJS",
  "keywords": [
    "autocomplete",
    "typeahead",
    "angularjs"
  ],
  "license": "MIT",
  "main": [
    "./angucomplete-alt.js",
    "./angucomplete-alt.css"
  ],
  "ignore": [
    "example",
    "bower_components",
    "node_modules",
    "**/.*",
    "test",
    "tests"
  ],
  "dependencies": {
    "angular": ">=1.6.0"
  },
  "devDependencies": {
    "angular-mocks": ">=1.6.0",
    "jquery": "~2.1.0"
  },
  "_release": "3.0.0",
  "_resolution": {
    "type": "version",
    "tag": "v3.0.0",
    "commit": "922edc4f6fa1caeb1ebae23f009ff70c1a9602f6"
  },
  "_source": "https://github.com/ghiden/angucomplete-alt.git",
  "_target": "^3.0.0",
  "_originalSource": "angucomplete-alt"
}