{
  "name": "jquery.floatThead",
  "homepage": "http://mkoryak.github.io/floatThead/",
  "authors": [
    "Misha Koryak"
  ],
  "description": "Unobtrusively float any table's header without breaking styles or events",
  "main": [
    "dist/jquery.floatThead.js",
    "dist/jquery.floatThead.min.js"
  ],
  "browser": [
    "dist/jquery.floatThead.min.js"
  ],
  "keywords": [
    "float table header",
    "locked header",
    "table header",
    "table",
    "sticky header",
    "floatThead",
    "scrolling table",
    "fixed header"
  ],
  "license": "MIT",
  "ignore": [
    "**/.*",
    "node_modules",
    "bower_components",
    "test",
    "demo",
    "Gruntfile.coffee",
    "jquery.floatThead._.js",
    "jquery.floatThead.js",
    "package.json",
    ".gitignore"
  ],
  "dependencies": {
    "jquery": ">= 1.8.0"
  },
  "version": "1.4.5",
  "_release": "1.4.5",
  "_resolution": {
    "type": "version",
    "tag": "1.4.5",
    "commit": "474a10bda4397e85ed3a1923f6c619faa41407bb"
  },
  "_source": "https://github.com/mkoryak/floatThead.git",
  "_target": "^1.4.1",
  "_originalSource": "floatThead"
}