{
  "name": "ng-tags-input",
  "license": "MIT",
  "version": "3.2.0",
  "location": "https://github.com/mbenford/ngTagsInput-bower",
  "homepage": "http://mbenford.github.io/ngTagsInput",
  "main": [
    "ng-tags-input.js",
    "ng-tags-input.css"
  ],
  "description": "Tags input directive for AngularJS",
  "ignore": [],
  "keywords": [
    "angular",
    "tags",
    "tags-input"
  ],
  "dependencies": {
    "angular": ">=1.3.0"
  },
  "_release": "3.2.0",
  "_resolution": {
    "type": "version",
    "tag": "v3.2.0",
    "commit": "b4d2eaf01d9292b684ac3a0c962c786d2873e917"
  },
  "_source": "https://github.com/mbenford/ngTagsInput-bower.git",
  "_target": "^3.2.0",
  "_originalSource": "ng-tags-input",
  "_direct": true
}