{
  "name": "angular-ui-sortable",
  "version": "0.17.2",
  "main": [
    "./sortable.js"
  ],
  "dependencies": {
    "angular": ">=1.2.x",
    "jquery": ">=3.1.x",
    "jquery-ui": ">=1.12.x"
  },
  "homepage": "https://github.com/angular-ui/ui-sortable",
  "_release": "0.17.2",
  "_resolution": {
    "type": "version",
    "tag": "v0.17.2",
    "commit": "017fbd3f911576914915aa3dd08022c83b7fd3a3"
  },
  "_source": "https://github.com/angular-ui/ui-sortable.git",
  "_target": "^0.17.2",
  "_originalSource": "angular-ui-sortable",
  "_direct": true
}