{
  "name": "angular-file-upload",
  "main": "dist/angular-file-upload.min.js",
  "homepage": "https://github.com/nervgh/angular-file-upload",
  "ignore": [
    "examples"
  ],
  "dependencies": {
    "angular": "^1.1.5"
  },
  "devDependencies": {
    "es5-shim": ">=3.4.0"
  },
  "keywords": [
    "angular",
    "file",
    "upload",
    "module"
  ],
  "version": "2.5.0",
  "_release": "2.5.0",
  "_resolution": {
    "type": "version",
    "tag": "2.5.0",
    "commit": "bf5538e8f1cb58d24352641fbb6f97f890850e66"
  },
  "_source": "https://github.com/nervgh/angular-file-upload.git",
  "_target": "^2.3.4",
  "_originalSource": "angular-file-upload"
}