{
  "name": "ng-image-gallery",
  "homepage": "https://github.com/thatisuday/ng-image-gallery",
  "authors": [
    "Uday Hiwarale <uhiwarale@gmail.com>"
  ],
  "description": "Probably the best angular inline and modal image gallery combined...",
  "main": [
    "dist/ng-image-gallery.js",
    "dist/ng-image-gallery.css"
  ],
  "keywords": [
    "directive",
    "gallery",
    "image",
    "modal"
  ],
  "license": "MIT",
  "ignore": [
    "**/.*",
    "node_modules",
    "bower_components",
    "test",
    "tests"
  ],
  "dependencies": {
    "angular": "^1.5.7",
    "angular-animate": "^1.5.7",
    "hammerjs": "^2.0.8"
  },
  "version": "2.1.1",
  "_release": "2.1.1",
  "_resolution": {
    "type": "version",
    "tag": "v2.1.1",
    "commit": "0dfe573b64eb122209e16dd7ec6c1c78b8579ba8"
  },
  "_source": "https://github.com/thatisuday/ng-image-gallery.git",
  "_target": "^2.1.1",
  "_originalSource": "ng-image-gallery",
  "_direct": true
}