{
  "name": "vue",
  "main": "dist/vue.js",
  "description": "Simple, Fast & Composable MVVM for building interative interfaces",
  "authors": [
    "Evan You <yyx990803@gmail.com>"
  ],
  "license": "MIT",
  "ignore": [
    ".*",
    "examples",
    "build",
    "perf",
    "test",
    "grunt",
    "gruntfile.js",
    "*.json",
    "*.md",
    "*.yml"
  ],
  "homepage": "https://github.com/vuejs/vue",
  "version": "1.0.28",
  "_release": "1.0.28",
  "_resolution": {
    "type": "version",
    "tag": "v1.0.28",
    "commit": "cacea902cd3b52b3de34e6b32391289ca8ae2317"
  },
  "_source": "https://github.com/vuejs/vue.git",
  "_target": "^1.0.26",
  "_originalSource": "vue"
}