{
  "name": "ladda",
  "version": "1.0.0",
  "main": [
    "./dist/ladda.min.js",
    "./dist/ladda.min.css"
  ],
  "ignore": [
    "package.json"
  ],
  "dependencies": {
    "spin.js": "~2.0.2"
  },
  "homepage": "https://github.com/hakimel/Ladda",
  "_release": "1.0.0",
  "_resolution": {
    "type": "version",
    "tag": "1.0.0",
    "commit": "e5fa9e7681334a47419a126bdcb6aaefd05424da"
  },
  "_source": "https://github.com/hakimel/Ladda.git",
  "_target": "^1.0.0",
  "_originalSource": "ladda"
}