{
  "name": "SVG-Loaders",
  "version": "1.0.2",
  "homepage": "https://github.com/SamHerbert/SVG-Loaders",
  "description": "Loading icons and small animations built purely in SVG, no CSS or JS.",
  "license": "MIT",
  "private": false,
  "ignore": [
    "**/.*",
    "node_modules",
    "bower_components",
    "test",
    "tests",
    "site-assets",
    "index.html"
  ],
  "keywords": [
    "progress",
    "svg",
    "loaders",
    "loading",
    "spinners",
    "animated"
  ],
  "_release": "1.0.2",
  "_resolution": {
    "type": "version",
    "tag": "v1.0.2",
    "commit": "84464ae467fc7438bf618e077da0212174a72092"
  },
  "_source": "https://github.com/SamHerbert/SVG-Loaders.git",
  "_target": "^1.0.2",
  "_originalSource": "svg-loaders"
}