{
  "name": "angular-resource",
  "version": "1.6.4",
  "license": "MIT",
  "main": "./angular-resource.js",
  "ignore": [],
  "dependencies": {
    "angular": "1.6.4"
  },
  "homepage": "https://github.com/angular/bower-angular-resource",
  "_release": "1.6.4",
  "_resolution": {
    "type": "version",
    "tag": "v1.6.4",
    "commit": "b4d5e6c41d68390398cc50df58fea090d6b1afca"
  },
  "_source": "https://github.com/angular/bower-angular-resource.git",
  "_target": "~1.6.3",
  "_originalSource": "angular-resource"
}