{
  "name": "vue-resource",
  "main": "dist/vue-resource.js",
  "version": "1.3.1",
  "description": "The HTTP client for Vue.js",
  "homepage": "https://github.com/pagekit/vue-resource",
  "license": "MIT",
  "keywords": [
    "vue",
    "xhr",
    "http",
    "ajax"
  ],
  "ignore": [
    ".*",
    "build",
    "docs",
    "package.json"
  ],
  "_release": "1.3.1",
  "_resolution": {
    "type": "version",
    "tag": "1.3.1",
    "commit": "1be5933a85d4201db504a6be8545aa97f67c9a45"
  },
  "_source": "https://github.com/vuejs/vue-resource.git",
  "_target": "^1.3.1",
  "_originalSource": "vue-resource",
  "_direct": true
}